0.0,0.0,0.0,0.0,0.0,0.0,0.008733651
-1.2522783e-07,-1.2793462e-08,1.4114553e-07,-4.7503605e-07,-4.287991e-08,1.1141568e-08,0.008733651
1.2522783e-07,1.2793462e-08,-1.4114553e-07,4.7503605e-07,4.287991e-08,-1.1141568e-08,0.008733651
0.0,0.0,0.0,0.0,0.0,0.0,0.008733651
0.0,0.0,0.0,0.0,0.0,0.0,0.008733651
0.0,0.0,0.0,0.0,0.0,0.0,0.008733651
-1.2522783e-07,-1.2793462e-08,1.4114553e-07,-4.7503605e-07,-4.287991e-08,1.1141568e-08,0.008733651
0.0,0.0,0.0,0.0,0.0,0.0,0.008733651
0.0,0.0,0.0,0.0,0.0,0.0,0.008733651
0.0,0.0,0.0,0.0,0.0,0.0,0.008733651
1.2522783e-07,1.2793462e-08,-1.4114553e-07,4.7503605e-07,4.287991e-08,-1.1141568e-08,0.008733651
0.0,0.0,0.0,0.0,0.0,0.0,0.008733651
-1.2522783e-07,-1.2793462e-08,1.4114553e-07,-4.7503605e-07,-4.287991e-08,1.1141568e-08,0.008733651
1.2522783e-07,1.2793462e-08,-1.4114553e-07,4.7503605e-07,4.287991e-08,-1.1141568e-08,0.008733651
0.0,0.0,0.0,0.0,0.0,0.0,0.008733651
0.0,0.0,0.0,0.0,0.0,0.0,0.008733651
0.0,0.0,0.0,0.0,0.0,0.0,0.008733651
0.0,0.0,0.0,0.0,0.0,0.0,0.008733651
0.0,0.0,0.0,0.0,0.0,0.0,0.008733651
0.0,0.0,0.0,0.0,0.0,0.0,0.008733651
-1.2522783e-07,-1.2793462e-08,1.4114553e-07,-4.7503605e-07,-4.287991e-08,1.1141568e-08,0.008733651
0.0,0.0,0.0,0.0,0.0,0.0,0.008733651
-1.3145426e-07,-1.8542084e-06,-1.4945259e-07,2.17628e-07,2.892935e-07,5.3525673e-06,0.008733651
-2.4690587e-05,-0.0002696161,-5.2176147e-06,5.7881437e-07,1.1891482e-05,-1.167615e-06,0.008733651
-2.6456151e-05,-0.00072316773,-1.1459451e-06,-1.3650148e-05,1.3502723e-06,-4.2408545e-05,0.008733651
1.8740607e-06,-0.0006785832,-4.1929416e-05,0.00015489201,-3.5835021e-06,-0.00024462456,0.008733651
1.5671545e-05,-0.0014991045,2.651703e-05,-4.7932885e-05,4.788095e-05,-0.00013801247,0.008733651
-1.2727004e-05,-0.0021599706,-1.4430607e-05,0.000115385745,2.7360535e-05,-0.00027483876,0.008733651
-1.414797e-05,-0.001770129,-2.2873378e-07,8.249073e-05,-6.1131864e-06,5.2894306e-05,0.008733651
7.916109e-06,-0.0027508766,-1.976376e-05,0.000106138235,6.895016e-05,-0.00017154883,0.008733651
-3.7905596e-05,-0.0034504873,3.0083854e-06,0.00011395275,3.8368413e-05,-0.00019581016,0.008733651
3.7705631e-06,-0.0021246816,1.1716197e-05,1.847186e-05,9.654132e-06,3.5486955e-05,0.008733651
-6.811817e-06,-0.003555759,-3.104003e-05,0.00018904546,9.6924196e-05,-0.00010998051,0.008733651
-3.9000486e-05,-0.0036132447,-7.365406e-07,0.00011407023,3.310446e-05,-0.00010024794,0.008733651
-9.254759e-06,-0.002388915,9.158528e-06,2.4759367e-05,5.6105488e-05,-1.24535e-05,0.008733651
-1.7245704e-05,-0.0035891382,-2.414259e-05,0.00022257955,8.001537e-05,9.701523e-05,0.008733651
-2.1977734e-05,-0.0035949843,5.0621593e-06,0.00011720979,1.56485e-05,4.4600638e-05,0.008733651
7.714138e-06,-0.0023603018,-3.3539058e-05,0.00017024562,3.405215e-05,5.257766e-05,0.008733651
-3.5378922e-05,-0.003600519,1.0160855e-05,6.820896e-05,-1.6433332e-06,-0.00018643955,0.008733651
7.099542e-06,-0.0035481048,-2.2710119e-05,0.0001442173,7.6379954e-05,0.00013502165,0.008733651
-3.11514e-05,-0.002407698,9.483349e-06,7.209847e-05,-1.3046947e-05,-8.297399e-05,0.008733651
-1.0288681e-05,-0.0037868095,-2.5808315e-05,0.00020066892,2.165412e-05,-6.4700245e-05,0.008733651
-4.0561812e-05,-0.0033658994,4.828753e-06,0.00016149659,4.815804e-05,-5.745341e-05,0.008733651
2.1393074e-05,-0.0024506398,-9.465428e-06,6.8220645e-05,5.7678553e-05,0.00016681034,0.008733651
-3.6931528e-05,-0.0035195574,2.8534164e-06,0.00012450114,4.682252e-05,-3.9262726e-05,0.008733651
-8.546201e-06,-0.0036389777,-1.1455827e-05,0.00010910708,2.3969167e-05,8.443762e-05,0.008733651
-5.2808537e-06,-0.002336851,7.024488e-07,6.464098e-05,-6.0456005e-06,3.593602e-05,0.008733651
-1.933975e-05,-0.0035708812,-7.450291e-06,0.00017889598,7.2479204e-05,7.639447e-06,0.008733651
-1.135007e-05,-0.0035597244,-1.143767e-05,0.00016589709,3.218941e-06,4.205353e-05,0.008733651
-8.405203e-06,-0.002392763,-5.0763115e-06,8.9323075e-05,6.726055e-05,-3.2283056e-05,0.008733651
-1.745095e-05,-0.0035402358,1.2836956e-07,0.00012404833,-5.6449968e-05,-3.552782e-05,0.008733651
-1.6963708e-05,-0.0035377115,-1.8255323e-06,7.4053954e-05,8.171938e-05,0.00014498745,0.008733651
-1.3072066e-05,-0.002501175,-2.410011e-05,0.00019836056,-1.9243253e-05,-8.091576e-05,0.008733651
-3.2505544e-05,-0.0032318672,1.7819913e-05,7.024642e-05,7.1667906e-05,7.529322e-05,0.008733651
3.963282e-06,-0.0035368288,-4.3765976e-06,0.00013509655,6.169552e-05,5.9733e-05,0.008733651
-6.137924e-06,-0.0030403128,-6.987968e-06,0.00011016052,-0.00010222642,4.77404e-05,0.008733651
-1.4317033e-05,-0.0020491218,-2.799276e-06,8.642015e-05,4.8689097e-05,6.1558014e-05,0.008733651
-1.9315445e-05,-0.00289744,1.5346395e-06,0.00012432592,2.0096864e-05,-1.1254268e-05,0.008733651
-1.44136775e-05,-0.002560919,-1.8772855e-05,0.00018218746,-5.612012e-06,8.754086e-05,0.008733651
1.4853751e-05,-0.0015320805,2.0932093e-05,-5.8574333e-05,-2.8133109e-05,0.00030630076,0.008733651
-8.4692065e-06,-0.0023115985,-3.0415875e-05,0.00020608712,2.468813e-05,-9.371535e-05,0.008733651
-4.146726e-06,-0.0021560201,3.1023184e-05,-4.125629e-05,5.034653e-06,0.00011445793,0.008733651
-1.3033375e-05,-0.0014849916,-2.5417276e-05,0.0001256893,5.864531e-05,-6.018436e-05,0.008733651
-9.103341e-06,-0.0021856215,1.9572824e-06,6.0056773e-05,-3.370812e-05,0.00012137479,0.008733651
3.8369303e-06,-0.0021628668,1.0943339e-06,8.3528146e-05,-8.517337e-05,3.332211e-05,0.008733651
1.6247875e-05,-0.0016240365,-5.860128e-06,3.5051104e-05,1.9950798e-05,-7.302509e-05,0.008733651
-2.8643231e-05,-0.0021238346,5.4395355e-06,0.00012367892,9.8659635e-05,6.147903e-05,0.008733651
2.2901469e-07,-0.002378801,-1.0035181e-05,6.486103e-05,6.7524134e-06,8.849449e-05,0.008733651
-8.946972e-06,-0.001384182,1.2327663e-05,5.552587e-05,1.9761033e-05,-7.862006e-06,0.008733651
-1.6436112e-05,-0.0022959805,-1.3162103e-05,0.000111626054,-9.729431e-05,-0.00018264985,0.008733651
-1.5292742e-05,-0.0021215847,-0.0001059054,0.00018151948,1.0696904e-05,0.00018415958,0.008733651
-9.630237e-06,-0.0010909685,-0.00043171528,0.00011901939,-0.00011068365,0.00022523182,0.008733651
-1.1862368e-06,-0.0009848714,-0.00170148,0.00012793163,-0.00012537574,0.00015263045,0.008733651
-1.8067429e-05,-0.0003551803,-0.0027968064,0.00023014199,-0.00019562377,0.00023360261,0.008733651
-2.626505e-05,-9.596366e-05,-0.002211885,0.00016566944,-0.00013853356,-0.00010372154,0.008733651
5.190188e-05,-7.817038e-05,-0.0036211386,3.594821e-05,-1.9373347e-05,-3.657454e-05,0.008733651
5.06631e-06,-7.893435e-06,-0.0026123072,0.00015412725,-0.000105449246,-4.2167725e-05,0.008733651
4.4809083e-05,2.4895278e-05,-0.0034684006,2.6135896e-05,-6.4497865e-05,0.000109270186,0.008733651
5.708414e-05,9.933205e-06,-0.0038527302,-9.545419e-05,-6.7843375e-06,8.481114e-05,0.008733651
1.8441047e-05,-6.2157374e-06,-0.003492707,0.00024973945,-0.00013614922,-7.712176e-05,0.008733651
3.8716025e-05,-2.6689255e-05,-0.002435204,-0.00016149512,3.240656e-05,-2.3116e-05,0.008733651
3.247956e-05,2.8733491e-05,-0.003652275,3.934655e-05,-0.00011793771,7.7991084e-05,0.008733651
3.3413206e-05,-2.8518814e-05,-0.0036460645,-4.0959e-05,-3.354593e-06,-5.3569354e-05,0.008733651
5.9892936e-05,9.53622e-06,-0.0024353743,-8.8832676e-05,4.945147e-06,5.1170886e-05,0.008733651
2.0056286e-05,-1.3216855e-05,-0.003624361,6.350405e-05,-3.292453e-05,3.815174e-05,0.008733651
5.592879e-05,-4.5149198e-05,-0.0035937876,5.2342843e-06,-1.6207961e-05,-0.00013931368,0.008733651
5.7144694e-05,-6.844367e-06,-0.002347434,-6.76936e-05,3.6772788e-05,3.6751865e-06,0.008733651
2.3571778e-05,-8.093011e-07,-0.0034846708,-1.6089328e-06,-7.935553e-05,6.7975893e-06,0.008733651
1.8843959e-05,-2.8858132e-05,-0.0034655062,4.605836e-06,-2.2163369e-05,-0.00013704647,0.008733651
4.231792e-05,-1.1112633e-05,-0.0025117719,5.6682762e-05,2.0457337e-05,7.0538095e-05,0.008733651
4.9026912e-05,-9.305277e-06,-0.0033323353,5.648927e-06,-5.6853838e-05,7.3523326e-05,0.008733651
5.5234246e-05,-1.9294055e-05,-0.0036517954,-0.0001428223,2.4037821e-05,-5.1337785e-05,0.008733651
1.4654129e-06,3.131654e-05,-0.0020160484,0.00011482248,-0.000106525375,8.344098e-05,0.008733651
6.544971e-05,-7.4670126e-05,-0.0034607528,-6.8575544e-05,3.485168e-05,-0.00028488482,0.008733651
0.00021891044,-2.0807134e-07,-0.003297033,-0.00015637817,2.6707503e-05,0.00014962784,0.008733651
0.00036038252,2.0715343e-05,-0.0023001393,0.00021216014,-7.649734e-05,8.498026e-05,0.008733651
0.00083820464,-2.3436045e-05,-0.003351467,-0.00012342536,2.5485968e-05,-5.175505e-05,0.008733651
0.0010570176,2.552341e-06,-0.003351042,-0.00012992957,-3.0859912e-05,-4.491835e-06,0.008733651
0.00074267876,-3.6382982e-05,-0.002177891,0.00013044209,4.064902e-05,-9.378517e-05,0.008733651
0.001222144,5.081677e-05,-0.0032142196,-5.53169e-05,3.9155588e-05,0.00026739994,0.008733651
0.0012262748,-2.5785459e-05,-0.003061644,-7.9777776e-05,-0.000121427125,-0.00010768159,0.008733651
0.0008593576,1.3148721e-06,-0.0018947666,-1.811943e-05,-6.8599734e-06,2.534012e-05,0.008733651
0.0013381555,-1.6483546e-05,-0.0027773767,8.603957e-06,9.931717e-05,9.932068e-05,0.008733651
0.001270488,-2.1385813e-05,-0.0023761052,-0.0001245501,-5.7878216e-05,-6.142655e-05,0.008733651
0.001480554,-1.9259161e-05,-0.002563291,3.920952e-06,8.715461e-05,-3.3123215e-05,0.008733651
0.0009909958,-6.6713284e-08,-0.001502346,-9.7149954e-05,8.184855e-06,1.5264864e-05,0.008733651
0.0016494957,3.530691e-05,-0.0023936618,3.0471224e-07,-0.0001574955,-5.7801e-06,0.008733651
0.0017540011,1.3345946e-05,-0.0023932941,5.4755077e-05,3.8392114e-05,0.00012004987,0.008733651
0.0012107303,-2.1102027e-05,-0.001591091,-0.00016351852,6.970916e-05,-2.763924e-05,0.008733651
0.0018786796,1.8607216e-05,-0.0024281614,6.847322e-06,-7.001196e-05,3.1315692e-05,0.008733651
0.0020451166,3.175488e-06,-0.0023922944,-6.4718886e-05,-4.5762798e-05,-8.9757605e-06,0.008733651
0.0014705835,-2.7444561e-05,-0.0016051009,-6.547645e-05,3.4381897e-05,-1.341382e-05,0.008733651
0.0022679155,-4.0720795e-05,-0.0024358213,0.00014922877,4.1691737e-06,-0.00013747078,0.008733651
0.0017050214,2.4213725e-06,-0.0017466462,-7.225995e-05,-8.090421e-05,-8.096915e-05,0.008733651
0.0022581166,6.243841e-05,-0.0023321204,0.00016513444,-9.658024e-05,0.00012953758,0.008733651
0.002581599,2.3616714e-05,-0.0025787232,-1.0186132e-05,-1.375964e-05,0.00010169508,0.008733651
0.0023047638,-1.585698e-05,-0.0022791172,-6.593856e-05,9.7589946e-05,6.6113505e-05,0.008733651
0.0016631483,1.992753e-05,-0.0016328838,-0.0001401755,-0.00012409208,-6.133474e-05,0.008733651
0.0024751474,2.7786009e-05,-0.0024144554,6.3495856e-05,4.468567e-05,0.00016317198,0.008733651
0.0025444843,1.1430738e-05,-0.0024765034,-0.00016480371,4.941378e-05,5.043401e-05,0.008733651
0.0016984366,4.2626943e-05,-0.0016398326,6.961094e-05,-0.00011525733,9.188717e-05,0.008733651
0.0026798714,-5.976898e-06,-0.002474532,-0.00017391815,1.4700834e-05,-1.1768626e-05,0.008733651
0.0019448585,-4.1971158e-05,-0.0017460899,6.761019e-05,9.685084e-05,-3.944802e-05,0.008733651
0.0027906606,2.1088868e-05,-0.002353259,-9.137509e-05,-0.00010539835,2.9145942e-05,0.008733651
0.0030807455,4.677923e-05,-0.0024757942,1.0787647e-07,-2.3123675e-05,0.00021824427,0.008733651
0.0032551945,3.372277e-05,-0.0024673436,-8.2822535e-06,-2.3910832e-05,2.5293572e-05,0.008733651
0.0023878315,-3.19753e-05,-0.0017881743,-3.8160204e-05,-3.715708e-08,-0.00013324605,0.008733651
0.003186594,5.6680972e-05,-0.0023003893,-8.5651496e-05,3.826111e-05,0.00020965298,0.008733651
0.0037080604,3.5699093e-05,-0.002681365,-3.7168265e-05,-6.855767e-05,9.339857e-05,0.008733651
0.0021915876,-1.0330809e-05,-0.001535467,-1.8078424e-07,3.5300466e-06,-4.9662638e-05,0.008733651
0.0038023808,1.639322e-05,-0.0025234716,-0.00019957873,5.5275354e-06,3.7444075e-05,0.008733651
0.0039582346,4.042109e-05,-0.0025940223,0.0001626286,-0.0001059072,8.619332e-05,0.008733651
0.0027343296,-1.8543718e-05,-0.0017164189,-0.00019511367,6.707034e-05,-2.3033806e-05,0.008733651
0.0041543036,6.783884e-05,-0.0026174963,-7.88976e-06,-1.0585706e-05,0.00014831177,0.008733651
0.004198966,8.028955e-05,-0.002630613,-7.710527e-05,-8.047469e-05,7.0440714e-05,0.008733651
0.0031017603,-1.9462626e-05,-0.0019699244,7.719162e-05,4.182985e-05,1.2253833e-05,0.008733651
0.003852443,4.670555e-06,-0.002388131,-0.00011886232,-3.787818e-05,-6.8472495e-05,0.008733651
0.0041900217,3.1168052e-05,-0.002575881,-0.00011325453,-4.6262518e-05,0.000103837636,0.008733651
0.002768095,1.090284e-05,-0.0016715054,-8.346802e-05,3.866423e-05,4.4105233e-05,0.008733651
0.0044108643,4.9287963e-05,-0.0027549686,1.8472552e-05,-6.193591e-05,2.8112992e-05,0.008733651
0.0038880499,9.898298e-06,-0.0024153022,5.206446e-06,-2.5448686e-05,-1.12602e-05,0.008733651
0.0027846077,2.196111e-05,-0.0017211143,-0.00010130067,-5.180642e-05,-4.0133975e-05,0.008733651
0.0040942403,8.25289e-05,-0.0025582402,-1.2064146e-05,6.3406765e-06,0.0003662487,0.008733651
0.004073203,2.02425e-05,-0.0025483584,-7.592657e-06,-6.0547096e-05,-0.00014977489,0.008733651
0.0027371773,7.4420764e-06,-0.0017035507,-0.00010917586,3.3314725e-05,5.1456653e-05,0.008733651
0.0040560435,4.0908297e-05,-0.002602428,2.9123177e-05,-4.017382e-05,2.0915732e-05,0.008733651
0.0040290565,1.8384773e-05,-0.002632349,-7.881493e-05,-5.2085412e-05,6.882755e-05,0.008733651
0.0026201427,2.1604556e-05,-0.0017427561,3.654478e-05,-8.08214e-07,2.531534e-05,0.008733651
0.0042945547,5.131351e-05,-0.0027885996,-0.00015954323,-7.9234494e-05,7.792964e-05,0.008733651
0.0036903245,2.4066298e-06,-0.002413016,-7.1941795e-05,0.000105800085,-2.4899697e-05,0.008733651
0.002694854,4.7356065e-05,-0.0018173967,5.2125266e-05,-0.00019313251,-8.544459e-06,0.008733651
0.0039174454,4.0746087e-05,-0.0025873673,-2.2110678e-05,7.680495e-05,0.00017864865,0.008733651
0.004190785,2.608605e-05,-0.0027581493,-7.3941206e-05,-8.176703e-08,-1.1425605e-05,0.008733651
0.003775448,3.0438945e-05,-0.0024856983,-3.3492994e-05,-2.417313e-05,4.6945628e-05,0.008733651
0.002667533,6.9221445e-05,-0.00176261,-3.386248e-05,-8.985012e-05,6.584906e-05,0.008733651
0.0039470308,-6.4944666e-06,-0.00262224,-3.610808e-05,0.000105748484,5.5136865e-05,0.008733651
0.0039318856,8.4347186e-05,-0.0026017083,-7.705826e-05,-0.00013034669,9.265397e-05,0.008733651
0.002565329,3.443516e-05,-0.0017194371,-5.5873654e-05,-8.637184e-06,2.3980518e-05,0.008733651
0.0035604085,6.826272e-05,-0.0025976277,7.326117e-05,-1.8036742e-05,0.000107845684,0.008733651
0.0022511496,-0.00010242294,-0.0018224901,1.0623195e-05,-2.1134058e-05,-0.00027015837,0.008733651
0.002565519,9.1539216e-05,-0.0024209667,1.9719746e-05,-0.00013705555,0.00010059859,0.008733651
0.0017373184,3.4949302e-05,-0.002748332,0.00013023254,-0.00011335603,-0.00010651388,0.008733651
0.0006732053,-4.0176667e-05,-0.0023319905,-0.0001805456,-9.082677e-05,-0.00026599094,0.008733651
0.00016282398,-3.2477223e-05,-0.0016896676,-0.00014078594,0.00010860473,3.277741e-05,0.008733651
3.4142216e-05,4.6072237e-05,-0.0026113684,0.00035344544,-0.0001119233,3.3256412e-05,0.008733651
3.2546428e-05,3.970538e-06,-0.0027453725,-5.638841e-05,-7.678583e-05,4.2963668e-05,0.008733651
1.3021106e-05,2.1257763e-05,-0.0015360815,1.4050728e-05,-3.8579317e-05,2.454996e-05,0.008733651
3.1747077e-05,1.979963e-05,-0.0025648777,-2.9798957e-05,-6.2505875e-05,-2.483512e-05,0.008733651
-2.0113986e-05,-7.9844074e-05,-0.0025568749,4.6862337e-05,3.7397553e-05,-0.00024754042,0.008733651
4.3850076e-05,7.9797455e-06,-0.0016993383,-9.477397e-05,-7.92791e-06,7.255457e-05,0.008733651
4.110967e-06,-1.4911007e-05,-0.0025879224,0.00012011028,-7.4350035e-05,-3.2742697e-05,0.008733651
3.9581868e-05,2.243415e-05,-0.002570313,-4.1264644e-05,-0.00013088118,5.909064e-05,0.008733651
5.0773408e-05,3.233328e-05,-0.001828269,-3.1236024e-05,6.339121e-05,0.00010223606,0.008733651
-2.8116842e-06,-6.9553316e-05,-0.0023649477,4.310087e-05,-5.7449397e-06,-0.00018752643,0.008733651
3.7558588e-05,1.3861792e-05,-0.0025027525,-2.4566121e-05,7.70998e-06,4.3162418e-05,0.008733651
4.21075e-05,1.7749977e-05,-0.0014914229,-1.9423096e-06,-4.969835e-05,6.215808e-05,0.008733651
2.2388826e-05,-4.2490603e-05,-0.0022914642,-9.270928e-05,-2.8361987e-06,-5.12582e-05,0.008733651
4.530657e-05,2.3858094e-05,-0.0023346925,1.664171e-05,-6.5147346e-05,-5.8495945e-05,0.008733651
8.9526094e-07,-5.848287e-05,-0.0015504448,-2.8415536e-05,4.6335677e-05,-0.00013627087,0.008733651
2.9250969e-05,-3.1527547e-05,-0.0023207692,-4.2298438e-05,1.072801e-05,-3.4690333e-05,0.008733651
6.09508e-05,7.531531e-05,-0.0023454125,-6.2654635e-06,-7.8697434e-05,0.000262261,0.008733651
2.7898212e-05,7.487957e-06,-0.001551059,-4.67052e-05,-3.591887e-05,-5.837161e-05,0.008733651
1.6051322e-06,-3.3085722e-05,-0.0023393587,0.000109192595,1.332742e-05,-5.941089e-06,0.008733651
3.0346684e-05,7.7256345e-06,-0.0024206247,4.1393e-05,-4.6658926e-05,-8.9641704e-05,0.008733651
2.6537427e-05,-3.639429e-05,-0.0016817698,-9.988278e-05,7.369111e-05,3.1262796e-05,0.008733651
3.5640336e-05,3.3730073e-05,-0.002860055,5.8094156e-05,-0.00019822716,-2.2763477e-05,0.008733651
4.862598e-05,-2.0897236e-05,-0.0025665113,-7.4980235e-05,2.8183937e-05,-6.4786436e-05,0.008733651
-1.2759244e-05,-4.6835674e-05,-0.0018973312,0.000138492,2.34385e-05,-0.0001274218,0.008733651
5.7235706e-05,5.6940204e-05,-0.0029037718,-7.654714e-05,-4.959697e-05,0.00020900754,0.008733651
6.8523e-05,5.2809988e-05,-0.0030814912,2.170197e-06,-0.00010800655,0.00014081369,0.008733651
-2.9310625e-06,-7.418933e-05,-0.0020773353,2.8155348e-05,6.188077e-05,-0.00020207572,0.008733651
3.955197e-05,-3.062159e-05,-0.0031358108,-4.0839423e-05,-1.8351531e-05,-9.946163e-05,0.008733651
4.4700722e-05,6.110346e-05,-0.0031829625,6.802454e-05,-0.00022744201,3.456408e-05,0.008733651
4.0134662e-05,-4.076238e-05,-0.002103404,-8.137082e-05,0.00015460417,5.203313e-05,0.008733651
4.267397e-05,-1.713077e-05,-0.0031428232,-2.0231744e-05,3.061071e-05,-3.992925e-05,0.008733651
6.0314735e-05,7.7333745e-05,-0.0029350286,-4.077282e-05,-0.00018274153,7.804226e-05,0.008733651
2.772335e-07,-9.140481e-05,-0.0019728607,-1.977558e-05,9.026209e-05,-8.753845e-05,0.008733651
6.0621132e-05,2.801007e-06,-0.0024262033,-0.00011485691,-1.6992353e-05,-3.5179484e-05,0.008733651
3.314345e-05,1.281562e-06,-0.0026789962,1.5256619e-06,-6.337743e-05,-2.391266e-05,0.008733651
2.4446561e-05,1.1394615e-05,-0.0023536335,2.4159131e-05,-3.0696196e-05,-4.659899e-06,0.008733651
3.8282033e-05,-1.7675179e-06,-0.0016808744,-6.0889033e-05,4.0879768e-05,3.3267193e-06,0.008733651
3.628276e-05,3.2808014e-06,-0.0025981471,5.3726428e-05,-6.0198705e-05,7.5917524e-05,0.008733651
1.3146244e-05,-3.4633744e-05,-0.002542731,-1.1614858e-06,-2.1315955e-05,-0.00012431014,0.008733651
2.0479756e-05,-1.3756718e-05,-0.0016974814,-2.5781674e-05,3.7175807e-06,4.119099e-05,0.008733651
6.105861e-05,-1.5092451e-06,-0.0025414873,-0.00010307282,6.5622276e-06,-0.00016785004,0.008733651
6.3384985e-05,8.8436216e-05,-0.0025807726,-7.422364e-05,-0.00012197823,0.00023248837,0.008733651
-9.850276e-06,-5.9820934e-05,-0.001734027,0.00010808464,3.3207754e-05,-9.481484e-05,0.008733651
3.9637016e-05,-3.609939e-05,-0.0026844575,-8.204724e-05,1.3672879e-05,-0.0001079198,0.008733651
5.051107e-05,4.4420027e-05,-0.0029023932,5.778899e-05,-6.194453e-05,5.208763e-05,0.008733651
5.374996e-06,-3.6260382e-05,-0.0021292733,1.2288525e-06,-4.9881797e-05,3.594268e-05,0.008733651
2.758291e-05,1.2203036e-05,-0.0028880434,2.8644188e-05,3.3865224e-05,5.6525554e-05,0.008733651
4.9920654e-05,1.3534785e-05,-0.0033343234,-2.1939406e-05,-0.00018349853,-0.00023096713,0.008733651
1.6117918e-05,-4.3127784e-05,-0.0017766929,-1.2968847e-05,6.1500024e-05,-6.2692284e-06,0.008733651
4.3779415e-05,-2.4833516e-05,-0.003083858,-3.526022e-05,7.065347e-05,8.487686e-05,0.008733651
4.4066586e-05,3.6938833e-05,-0.0030985782,1.21791345e-05,-7.328766e-05,-1.5428297e-05,0.008733651
1.8360039e-05,2.2069684e-05,-0.0020380716,0.000100647885,-0.00011389282,2.744448e-05,0.008733651
4.821537e-05,-1.0097333e-05,-0.0030960366,-0.00013170092,8.136993e-05,8.3208666e-05,0.008733651
3.5402307e-05,-6.327667e-05,-0.003099609,-2.5039115e-05,-1.5787567e-05,-0.0001414088,0.008733651
2.1056318e-05,3.065737e-05,-0.002020162,6.138459e-05,-8.561973e-05,-6.793057e-05,0.008733651
8.7897686e-05,5.740752e-05,-0.003033255,-0.00014314461,-2.0905985e-05,0.00012627398,0.008733651
-4.5322495e-06,-5.953875e-05,-0.0030239963,9.455204e-05,2.6928516e-05,-3.0576077e-06,0.008733651
3.5506215e-05,-5.214683e-06,-0.0019413717,-8.846658e-05,-2.8436132e-05,-9.251526e-05,0.013100463
5.6155935e-05,-3.567681e-06,-0.0025312076,-0.0001706605,2.2516835e-05,3.6759575e-05,0.07423583
6.6937995e-05,-3.1897655e-06,-0.0010748343,-0.00022183571,4.9042734e-05,-2.1559828e-05,0.20087337
2.1440726e-05,1.722239e-05,-0.00033292366,-5.589256e-05,5.0573897e-05,9.108305e-05,0.28820962
3.6317088e-05,-6.348358e-05,-6.2492196e-05,-0.00033000257,9.587058e-05,-6.66592e-05,0.30567688
-9.619759e-06,-2.2893984e-05,-8.743232e-05,6.197642e-05,-7.521241e-06,-7.5447264e-05,0.30567688
-1.6694718e-06,9.846518e-07,-5.980736e-06,1.4743363e-05,-1.42875e-06,5.9555964e-06,0.30567688
-1.6978587e-06,5.5405013e-07,-2.5481413e-06,1.1301625e-05,4.224613e-06,1.0069452e-05,0.30567688
-1.0459555e-06,1.0276995e-06,-3.8542305e-07,4.3066743e-06,2.360474e-06,4.0328528e-06,0.30567688
-2.1987768e-07,8.592183e-07,7.590557e-07,2.864984e-06,4.581531e-07,2.2272034e-06,0.30567688
-2.3440743e-05,1.3163832e-05,2.9764393e-05,0.0001312621,-7.347174e-05,1.3791972e-05,0.30567688
-5.673101e-05,1.3730274e-05,0.00053732394,7.818326e-05,-2.3160872e-05,-1.3334484e-05,0.30567688
-6.357135e-05,7.237453e-06,0.0006674359,0.00018186742,-3.8733262e-05,4.0461484e-05,0.30567688
-1.3983146e-05,-1.9303983e-05,0.0014009499,2.605492e-06,4.1594343e-05,-6.2157094e-05,0.30567688
5.2244573e-05,-2.8101929e-06,0.0022658473,-0.0003525945,0.00016066935,2.1068558e-05,0.30567688
1.4404251e-05,-2.7034785e-05,0.0015399046,-0.00021008744,0.00012298886,3.505434e-05,0.30567688
6.897825e-06,5.7972564e-05,0.0028761658,-0.00014618205,-3.7470058e-05,4.612327e-05,0.30567688
-4.1604104e-05,-4.287355e-05,0.003052757,8.801727e-06,0.000101580255,6.108053e-05,0.30567688
-2.6722297e-05,-6.2353174e-05,0.0020746852,-7.868385e-05,0.00011958551,-0.00011838467,0.30567688
-3.7127932e-06,7.933197e-05,0.003137271,-9.3475704e-05,-2.2777609e-05,7.575693e-05,0.30567688
-4.754194e-05,1.0448573e-05,0.0030578028,0.00012998967,2.1314941e-05,5.3920256e-05,0.30567688
-1.5349953e-05,3.9015026e-06,0.0019912377,-8.3240964e-05,1.20870745e-05,2.2089262e-05,0.30567688
-4.9813927e-05,-1.4592214e-06,0.0027634243,0.00012580564,1.7917555e-05,7.5106094e-05,0.30567688
-4.390427e-05,-3.2381646e-05,0.0025609678,-1.4570367e-05,4.9830833e-05,-0.00012779597,0.30567688
-3.6255408e-06,5.9711827e-05,0.0016462016,-2.0793937e-05,-9.957826e-05,5.3576907e-05,0.30567688
-4.916909e-05,-2.4383542e-06,0.0024194496,0.00012604916,0.000113942886,0.00014092297,0.30567688
-3.0618503e-05,-3.181332e-05,0.0022222789,-2.5900163e-05,9.090675e-05,2.4529793e-06,0.30567688
-3.0283754e-05,1.9939771e-05,0.0023991119,1.6696928e-05,-9.964106e-05,-0.00011811066,0.30567688
-1.4398979e-05,-9.017662e-06,0.0013589914,-4.3082386e-05,-5.2306168e-05,-9.826411e-05,0.30567688
-5.9325856e-05,-1.6212953e-05,0.0022922182,0.00013294222,0.00010209982,4.2821626e-05,0.30567688
-1.0527825e-06,3.1960415e-05,0.0021912276,2.0863004e-06,4.906507e-05,0.0001891514,0.30567688
-2.4193685e-05,-5.9182607e-06,0.001534788,-4.8266007e-05,5.774611e-06,-5.1425082e-05,0.30567688
1.0855391e-05,5.391452e-05,0.002259916,-0.00012739662,1.4908831e-05,3.9749535e-05,0.30567688
-9.26736e-05,-6.455177e-05,0.0022467081,0.00019342723,5.550221e-05,-0.0001109676,0.30567688
-5.2063792e-06,-2.552196e-05,0.001498761,-5.5728273e-05,3.2558597e-05,-4.505634e-06,0.30567688
-3.2744414e-05,5.092378e-05,0.0022264193,0.000118978765,-3.5105113e-05,8.489686e-05,0.30567688
-6.6826196e-06,2.7288905e-05,0.0016319375,-6.279388e-05,-1.017308e-05,-1.8513181e-05,0.30567688
-3.0784242e-05,-1.9944453e-05,0.0021308947,1.5626703e-05,4.465835e-05,-0.00012203122,0.30567688
-3.249328e-05,3.604372e-05,0.0023790048,2.4951654e-05,1.4006397e-05,0.00016058015,0.30567688
-8.765337e-06,-1.7973642e-05,0.00213338,-8.53222e-05,1.9113977e-05,-2.0436257e-05,0.30567688
-3.5869154e-05,1.4292495e-05,0.0014839986,9.514749e-05,3.9200736e-06,2.144245e-05,0.30567688
-4.7608082e-05,-4.853347e-05,0.002290251,1.5214802e-05,9.7809985e-05,-5.3209238e-05,0.30567688
-8.987676e-06,2.3425628e-05,0.0022327544,-6.598114e-05,7.736062e-06,-3.9536406e-08,0.30567688
-5.445586e-05,3.3710094e-06,0.001484886,0.00013975245,-3.0037669e-05,-4.5215937e-05,0.30567688
-1.08461445e-05,3.1581327e-05,0.0022388783,-1.8600515e-05,2.4935654e-05,4.632744e-05,0.30567688
-1.997319e-05,-4.8346574e-05,0.0022740422,-8.9267436e-05,0.00012921984,-2.8994176e-05,0.30567688
-4.514619e-05,-4.900192e-06,0.0014920566,8.23238e-05,-7.875739e-05,-5.4394477e-05,0.30567688
-1.4540313e-05,1.1147403e-05,0.0022588123,-5.634041e-05,2.9077844e-05,0.000121547324,0.30567688
-4.659991e-05,2.5380092e-05,0.0022402583,0.00014854482,2.9218857e-06,3.78799e-05,0.30567688
-1.3486824e-05,-1.666151e-05,0.0016323384,-8.657615e-05,0.00010531224,3.7072517e-05,0.30567688
-4.9766782e-05,-1.6230657e-05,0.0021201277,8.1568745e-05,-1.8933175e-05,-6.2296655e-05,0.30567688
-3.101311e-05,4.3868e-05,0.0023561893,-3.430985e-06,-0.000105558676,5.4824097e-05,0.30567688
2.7661381e-05,4.598641e-05,0.0013546871,-9.322728e-05,4.4712375e-05,9.345641e-05,0.30567688
-5.5646746e-05,-4.317755e-05,0.00187118,9.330353e-05,8.551236e-05,-9.996732e-05,0.30567688
6.705435e-06,0.00015642683,0.0009200053,0.00029336903,-7.583477e-05,-5.115837e-05,0.30567688
0.00016868902,0.00038643018,0.00026838534,8.124187e-05,-6.80075e-05,6.7745525e-05,0.30567688
0.0005514017,0.0009440734,0.00024152358,-0.0002384839,5.7124715e-05,0.00025919502,0.30567688
0.00071453187,0.0012475055,0.00010180398,-0.00011278913,1.5836426e-05,-9.385566e-05,0.30567688
0.0006696426,0.0013022507,-4.554677e-05,6.3992054e-05,-7.410883e-06,0.00025718415,0.30567688
0.000984253,0.0021342335,-2.796179e-05,1.7051529e-05,-0.00016032523,9.0218586e-05,0.30567688
0.0010754002,0.002386774,-1.5043414e-05,2.7002256e-05,9.728359e-06,1.3500202e-05,0.30567688
0.0007716814,0.0016408968,1.5292762e-05,-7.975156e-05,9.161146e-05,-6.875217e-05,0.30567688
0.0012519872,0.0027648169,-3.017779e-05,4.121009e-05,-9.9691984e-05,-4.050003e-07,0.30567688
0.0011316601,0.002357428,4.2780157e-06,-5.5288692e-05,5.3082324e-05,3.1677733e-05,0.30567688
0.00081921177,0.0017558319,-6.548165e-06,1.2932451e-05,-5.39817e-05,3.802594e-05,0.30567688
0.0012486672,0.0025701541,-6.3132798e-06,-3.1204832e-05,-3.432353e-05,9.2324684e-05,0.30567688
0.0012285975,0.002566382,-1.2108158e-05,2.3689889e-05,-7.936526e-06,-5.443626e-05,0.30567688
0.00082269136,0.001700847,2.4287208e-05,-5.8742167e-05,-2.6331063e-05,9.544455e-05,0.30567688
0.0012361138,0.0025954284,2.5216861e-05,-0.0001233745,-1.234431e-05,6.692332e-05,0.30567688
0.0011807417,0.0025311105,1.6828631e-05,-6.064026e-06,3.4681427e-05,-5.1623836e-05,0.30567688
0.0011420154,0.002616944,-1.8655677e-05,5.0963e-05,-7.0056e-05,7.691328e-05,0.30567688
0.0008461488,0.0018888983,4.0115905e-05,-0.00016804891,-1.5869664e-06,1.0496129e-05,0.30567688
0.0010289527,0.0023894773,-2.7743572e-05,8.570992e-05,-1.5963693e-05,1.9281548e-05,0.30567688
0.0011280674,0.0026148479,1.2963702e-06,-6.191153e-05,-5.5171793e-05,2.3256935e-05,0.30567688
0.0007294649,0.0017000681,7.94759e-06,1.4725067e-05,8.375408e-07,-7.026593e-05,0.30567688
0.0011689095,0.0027172065,3.7827398e-05,-8.312603e-05,-4.6210374e-05,-6.9544185e-05,0.30567688
0.0010615821,0.0024529607,-1.315918e-06,-1.3601906e-05,-3.435087e-05,0.000169862,0.30567688
0.0007665919,0.0017452433,1.8798492e-05,-8.4505766e-05,5.0833783e-05,-0.00016404637,0.30567688
0.0010793963,0.0025527074,1.5755992e-05,-1.2605091e-05,-4.072835e-05,0.000111917645,0.30567688
0.0011392825,0.002638405,-2.2063941e-05,4.243073e-06,-1.1601303e-06,-5.1379648e-05,0.30567688
0.00070479256,0.0016818076,1.0664372e-05,-9.461048e-06,9.589287e-06,2.7349754e-05,0.30567688
0.001143842,0.0026845562,5.274107e-05,-0.00020277248,-3.915885e-05,8.768984e-05,0.30567688
0.00081729627,0.001935354,-4.4512447e-07,-1.4360733e-05,-1.1948803e-05,2.38579e-07,0.30567688
0.001032783,0.0024842592,1.0508343e-05,-5.410035e-07,-7.228835e-05,-3.8338992e-05,0.30567688
0.0012149075,0.002941501,7.1170166e-06,-7.716778e-05,-4.3997912e-05,-8.812015e-06,0.30567688
0.0010179209,0.0024810662,-3.4308368e-06,4.628936e-05,2.9679037e-05,5.2176725e-05,0.30567688
0.0007652328,0.0018218616,2.4412898e-06,-8.630832e-06,-5.5814576e-06,-0.00012302515,0.30567688
0.0012308408,0.0028434384,5.090893e-05,-0.00022922108,-2.1980968e-05,0.00014370836,0.30567688
0.0012824016,0.0030026897,-1.5058629e-05,5.0458926e-05,-8.44767e-05,-4.3767075e-05,0.30567688
0.00075313676,0.0017670051,-1.0193905e-05,7.594535e-05,8.311737e-06,0.00012802026,0.30567688
0.0012411261,0.0028769528,5.758031e-06,-5.310519e-05,-5.9248647e-05,-6.0535162e-06,0.30567688
0.0012591206,0.0027841292,4.3242882e-05,-0.00015565615,5.6667905e-05,-0.00020492246,0.30567688
0.0008281935,0.0019776414,-6.1605856e-06,-1.0330922e-05,-4.0497405e-05,0.00021373808,0.30567688
0.0012415517,0.0028725376,8.213795e-06,1.47360915e-05,-2.1629203e-05,-8.031416e-05,0.30567688
0.001255581,0.002916311,1.9239744e-05,-6.1947256e-05,-8.1601844e-05,9.927585e-05,0.30567688
0.00093171827,0.0021679844,2.3343338e-05,-4.2224423e-05,-5.768793e-05,2.9758812e-05,0.30567688
0.0011547938,0.002625523,1.2229263e-05,-0.000104371844,1.709354e-05,-2.808113e-05,0.30567688
0.0013049556,0.0030545145,-2.0508178e-05,6.4242086e-05,-5.764297e-05,-5.377541e-05,0.30567688
0.00077422615,0.0017849079,4.810771e-05,-0.00011828512,-3.342206e-05,-4.670685e-05,0.30567688
0.0012394665,0.0028908842,2.2343032e-05,-5.552741e-05,-3.0612653e-05,9.404951e-05,0.30567688
0.0012496258,0.0028800499,-2.0440442e-05,1.1261431e-05,3.992973e-06,-8.938236e-05,0.30567688
0.00085689966,0.0019976005,3.2045075e-06,-5.7380672e-05,-4.9698647e-05,0.00019519472,0.30567688
0.0012186264,0.0028363045,6.244756e-05,-8.82285e-05,-2.6651325e-05,-0.00014650865,0.30567688
0.0012539971,0.0029633746,-3.7454196e-05,9.4327625e-05,-0.00013770758,-0.00016258688,0.30567688
0.0008254385,0.0018996849,2.8517143e-05,-9.757025e-05,2.0570915e-05,0.00028097327,0.30567688
0.001245401,0.002873821,4.1075684e-05,-0.000112361195,-1.9523815e-05,-0.00015838593,0.30567688
0.001229827,0.0029222134,-2.9530043e-05,5.2823838e-05,-8.03836e-06,4.2717875e-05,0.30567688
0.0008418864,0.0019418377,5.1397343e-05,-8.243101e-05,-3.8412167e-05,7.313329e-05,0.30567688
0.0013080352,0.00306663,-1.3651564e-06,-1.5098448e-06,-4.375266e-05,2.5917311e-06,0.30567688
0.0011782139,0.0027636518,1.2364228e-05,-3.8415496e-05,-6.246161e-06,9.284391e-05,0.30567688
0.0008311533,0.0019250769,2.9309078e-05,-6.0494443e-05,-3.2071435e-05,-7.836555e-05,0.30567688
0.0012486792,0.002901992,-1.0328706e-05,-3.919685e-05,2.8070071e-05,3.432855e-05,0.30567688
0.001245318,0.0029115372,3.3938722e-05,-5.4890337e-05,-3.7855052e-06,-4.081662e-05,0.30567688
0.001224882,0.0029082561,9.992206e-06,3.3712196e-05,-7.0492875e-05,-9.521784e-05,0.30567688
0.0008477475,0.0020081857,-1.2833911e-07,-9.453845e-05,1.3348775e-05,0.00024310575,0.30567688
0.0012366797,0.002916708,5.7052937e-05,-7.698892e-05,-6.0912786e-05,-0.00017430597,0.30567688
0.0012541311,0.0028890467,-1.5720485e-05,-6.618144e-05,7.458567e-07,3.205739e-06,0.30567688
0.00081813696,0.0020080763,2.838026e-05,2.9453018e-05,-7.173402e-05,2.3928887e-05,0.30567688
0.0012346354,0.0029187645,1.01337255e-05,1.8102139e-06,-1.7633034e-05,9.402008e-05,0.30567688
0.00089493016,0.0021453735,1.1711376e-05,-2.696896e-05,-4.6602334e-05,2.9004437e-07,0.30567688
0.0011991864,0.0028221863,4.335303e-05,-0.00018409631,-5.710569e-05,9.080313e-05,0.30567688
0.0012931988,0.003076787,-9.40404e-06,4.7765312e-05,-4.541408e-05,-1.8879653e-05,0.30567688
0.0011708303,0.0027683887,3.5715122e-05,-4.844882e-05,-1.31343995e-05,-0.00013173962,0.30567688
0.00083370076,0.0020055224,-2.0998334e-05,-1.3265801e-05,-2.8207402e-05,0.00015940693,0.30567688
0.0012333319,0.002871906,4.6353638e-05,-3.546195e-05,-1.5533918e-05,-0.00016593345,0.30567688
0.0012519279,0.0029931515,-1.8801404e-05,-6.6248314e-05,-3.0077175e-05,0.00019174971,0.30567688
0.0008256563,0.0019725584,5.5161745e-05,-5.277306e-05,-1.8652856e-05,-1.9516037e-05,0.30567688
0.0012596986,0.002955269,-3.2660442e-05,3.1473384e-05,-1.7610892e-05,3.35559e-05,0.30567688
0.0011992155,0.0029404361,5.8710513e-05,9.344166e-06,-6.5595916e-05,5.483055e-05,0.30567688
0.00082988566,0.0019316569,-3.3244345e-05,-3.5394547e-05,4.6251964e-05,-0.00012573507,0.30567688
0.0012427891,0.0029156564,5.883933e-05,-8.3519866e-05,1.620036e-05,6.632368e-05,0.30567688
0.0012267956,0.00300132,-7.267195e-06,-2.6789947e-05,-8.762096e-05,2.497888e-05,0.30567688
0.00085832865,0.00207531,3.789103e-05,3.464717e-06,-2.2526256e-05,-5.9912647e-05,0.30567688
0.0011367903,0.0028097765,-1.6051208e-05,8.266674e-06,-4.8564765e-05,1.6268965e-05,0.30567688
0.0012678744,0.00312292,9.015459e-05,-0.00017874346,3.4302382e-05,0.00010192349,0.30567688
0.00070817454,0.0017872461,-5.4410222e-05,0.00014694186,-1.8289444e-05,-4.793669e-05,0.30567688
0.0011809727,0.002955514,6.6626686e-05,-0.00013130365,-8.443517e-05,-3.2203807e-05,0.30567688
0.0011590356,0.0029008663,-1.9056253e-05,1.7263097e-05,-1.9788109e-05,0.0001067072,0.30567688
0.00079057895,0.0019714618,5.7405967e-05,-0.00011166533,-6.5099002e-06,-7.922148e-06,0.30567688
0.0011728393,0.0029514702,-1.3150622e-05,2.2895812e-05,-7.499674e-05,4.5464618e-05,0.30567688
0.0011695805,0.0029332514,2.8508233e-05,-8.302739e-05,-2.6136579e-05,-0.00014963896,0.30567688
0.00074242894,0.0019226504,-9.297671e-06,4.3985594e-05,-1.6115234e-06,0.00011636266,0.30567688
0.0010822942,0.0030053959,4.2426058e-05,-0.00010212305,-8.9769914e-05,-1.1248925e-05,0.30567688
0.0009915357,0.0029242649,2.8285383e-06,6.922721e-05,2.5654292e-05,0.00012246406,0.30567688
0.0006715765,0.0019455564,3.9024206e-05,-0.0001428163,-3.854303e-05,-0.00015323928,0.30567688
0.0009375565,0.0031184128,-4.765911e-06,7.7659686e-05,-4.2042375e-05,0.00022101437,0.30567688
0.00068449316,0.0027556485,3.1772215e-05,-8.96638e-08,-6.8701636e-05,-0.00010437638,0.30567688
0.0002515705,0.001844412,-4.9779308e-05,0.0001711737,2.7141168e-05,-5.572624e-05,0.30567688
0.0001884698,0.002321572,7.624381e-05,-0.00014322919,-0.00010670263,-3.397236e-05,0.30567688
2.4975652e-05,0.0010640327,-3.323245e-05,0.00015763896,-1.2573538e-05,-0.0002515092,0.30567688
3.4277036e-07,0.00028872848,1.9523739e-05,-2.5991147e-05,1.3412705e-05,-7.854405e-05,0.30567688
-7.0121196e-06,0.00014568126,-3.892343e-05,8.708146e-05,9.0611375e-06,-6.189996e-05,0.2838428
2.516377e-06,6.4284584e-05,9.547745e-06,-2.6317894e-05,-3.3995616e-07,5.4704415e-05,0.18777294
2.8361072e-07,-6.997221e-07,1.2519432e-06,-1.5760801e-06,3.5160654e-06,-5.4436805e-06,0.10917033
8.4252315e-07,-8.9043743e-07,1.0124961e-06,-9.683919e-06,-3.3865767e-06,-5.8276555e-06,0.039301336
-0.00045218473,-5.7824094e-05,-0.000114494374,0.0004061056,-3.393831e-06,-0.00022864378,0.039301336
-0.0012926289,1.1840875e-06,1.8107246e-05,8.2572784e-05,-0.000119615084,-0.00012561156,0.039301336
-0.0029781489,-4.4189484e-05,2.1669577e-05,0.0002839675,-5.541499e-05,-6.273815e-05,0.039301336
-0.004286868,3.438494e-05,-6.651242e-05,0.0001653999,-3.1803957e-05,8.4319465e-05,0.039301336
-0.0027278492,-3.0653984e-05,3.05488e-05,-0.00012010707,-6.614078e-05,-4.754755e-05,0.039301336
-0.0048315525,-7.2613348e-06,-0.000104301005,0.00030174234,-6.700335e-05,-6.772466e-05,0.039301336
-0.004733888,-7.819475e-05,1.1990691e-05,-8.066126e-05,-3.9903744e-06,-0.00011211775,0.039301336
-0.0033030636,-4.2620497e-05,-6.202263e-05,0.00018216629,-1.3699275e-06,-8.785249e-05,0.039301336
-0.004856428,1.4063607e-05,-3.5938374e-05,-4.8426336e-05,-1.3485584e-05,5.7775702e-05,0.039301336
-0.0048128287,-7.251627e-05,-4.8732083e-05,-3.3486507e-05,1.564486e-05,-0.00012302567,0.039301336
-0.004911114,-2.3343251e-05,-6.46133e-05,-4.997685e-06,-0.00012775304,-0.00012117381,0.039301336
-0.0033228816,1.421355e-05,-4.380937e-06,4.0160063e-05,-6.5042754e-05,4.443911e-05,0.039301336
-0.004913655,-4.142279e-05,-5.5069133e-05,-5.0451366e-05,4.224961e-05,6.084925e-06,0.039301336
-0.005048562,-1.8154273e-05,-1.924697e-05,-0.00010877775,-7.577795e-05,-5.1259372e-05,0.039301336
-0.0035276532,-1.926103e-05,-6.291946e-05,6.940126e-05,-3.316481e-05,-0.00012138313,0.039301336
-0.0047242506,-1.627126e-05,-1.7651893e-05,6.2811932e-06,5.2351484e-06,1.0215612e-05,0.039301336
-0.0053055086,-6.565836e-05,-5.2382293e-05,-7.312911e-05,3.650109e-05,-4.151841e-05,0.039301336
-0.003011171,-1.6300486e-05,-5.9454014e-05,0.00013700653,-2.3634791e-05,-4.4498156e-05,0.039301336
-0.0049740183,-2.0091122e-05,-2.5516905e-05,-0.000103367536,-0.00010383754,-7.067028e-05,0.039301336
-0.0049974327,-1.8927716e-05,-9.000032e-05,3.0842824e-05,1.6342918e-05,1.3097086e-07,0.039301336
-0.0033590836,-2.1679234e-05,3.678701e-05,-6.547743e-05,-7.493335e-05,-1.6708987e-05,0.039301336
-0.005072238,-3.9726892e-05,-0.00011605615,0.000115665185,2.4725105e-05,-2.3550236e-05,0.039301336
-0.005101315,-2.2645321e-05,8.0557475e-06,-0.00010425543,-7.470137e-05,2.1015992e-06,0.039301336
-0.003388375,-3.1512936e-05,-5.5768687e-05,-6.856491e-05,-2.0419222e-05,-0.00010515676,0.039301336
-0.0051859445,-1.1967823e-05,-7.7242385e-06,-5.0008293e-05,-4.848102e-05,1.4865524e-06,0.039301336
-0.0037309204,-1.4653665e-05,-9.594284e-05,8.2706814e-05,4.9774717e-05,-2.5062296e-05,0.039301336
-0.0048778853,-6.6978624e-05,1.2355826e-05,-0.00014414715,-2.29643e-05,-6.408551e-05,0.039301336
-0.005472778,-2.306858e-05,-6.335515e-05,8.547886e-05,-7.681825e-05,-8.239148e-05,0.039301336
-0.004900839,2.2156395e-05,-4.9958617e-05,-0.00015067827,-5.8845242e-05,-5.090925e-06,0.039301336
-0.0034481748,-4.9072187e-05,-5.7463607e-05,8.7119544e-05,1.451132e-05,-7.195103e-05,0.039301336
-0.0051883417,-5.6794503e-05,-4.8630125e-05,1.4629768e-05,5.2183314e-05,6.74423e-06,0.039301336
-0.0051321913,-1.9001094e-06,8.695219e-06,-0.0002246492,-0.00010128596,-4.884933e-05,0.039301336
-0.003502582,-3.6427282e-05,-9.0410365e-05,0.00017733495,5.643635e-05,-6.466982e-05,0.039301336
-0.005169722,-4.5775858e-05,-1.1952932e-05,-6.239291e-05,-3.910042e-06,-4.2066997e-05,0.039301336
-0.005230883,-8.662248e-06,-8.172572e-05,2.7456013e-06,-4.296106e-05,-8.9775895e-05,0.039301336
-0.0033916307,-3.9761493e-05,-7.2998864e-06,-7.4035444e-05,-5.4146927e-05,-6.486704e-05,0.039301336
-0.0051812152,-2.727546e-05,-6.286211e-05,-8.898055e-06,4.9758746e-06,-2.8260773e-05,0.039301336
-0.0051913452,2.3827031e-05,-3.576214e-05,3.9439215e-05,-0.00012403115,3.9597435e-05,0.039301336
-0.003812463,-4.2253232e-05,-3.7749367e-05,-5.5161934e-07,3.6651345e-05,-8.634952e-06,0.039301336
-0.004825305,-2.5423933e-05,-2.8963756e-05,-0.0001113828,-1.597267e-05,-0.00013508962,0.039301336
-0.0055472706,-4.7492795e-05,-6.213105e-05,2.9207577e-05,-2.3524975e-05,-4.184211e-05,0.039301336
-0.0031064274,-3.983263e-05,-1.7201133e-05,-5.9861846e-05,-5.886235e-06,2.0476318e-06,0.039301336
-0.0052131303,1.9267476e-05,-5.7018962e-05,2.9220642e-05,-5.2712487e-05,-5.945738e-05,0.039301336
-0.0052484623,-5.664665e-05,-3.1154304e-05,-0.00014011023,1.8130242e-05,3.160417e-05,0.039301336
-0.0034195974,-3.6555487e-06,-5.449216e-05,9.272747e-05,-1.9361829e-05,-0.00013616812,0.039301336
-0.005204399,-5.363942e-05,-3.1884963e-05,3.5582452e-05,1.2476308e-05,-2.1677653e-05,0.039301336
-0.0051793028,-5.6251697e-06,-5.4388656e-05,-3.1144686e-05,-8.887067e-05,-9.354921e-05,0.039301336
-0.004052795,-1.8593595e-05,-2.8597833e-05,-9.087114e-05,-3.4635182e-06,5.6588244e-05,0.039301336
-0.0045214402,-3.4168215e-06,-7.418787e-05,7.203265e-05,7.815213e-06,-7.9422825e-05,0.039301336
-0.0051583103,-5.8633654e-05,-1.0455353e-05,-0.00010803115,2.151881e-05,5.048146e-05,0.039301336
-0.0034141794,-5.9908216e-06,-3.6134243e-05,4.6507394e-05,-8.2039616e-05,-0.00012792068,0.039301336
-0.0052989754,-8.914613e-06,-3.5886926e-05,-0.00010239326,-4.5870755e-05,-8.336473e-05,0.039301336
-0.0045367586,-4.8982194e-05,-3.2503238e-05,-0.00016923234,4.366098e-05,6.1731275e-06,0.039301336
-0.0029860842,-2.4808049e-05,-2.865092e-05,0.00011049911,-2.7644819e-05,-0.00011563417,0.039301336
-0.0036173738,1.827162e-06,-4.3942928e-05,-0.00017652957,4.3898513e-08,-0.00012053837,0.039301336
-0.0026265131,3.8603675e-06,-2.8376136e-05,-2.3074781e-05,-4.240898e-05,-2.4182898e-05,0.039301336
-0.0012604035,-1.3836913e-05,-3.9780266e-06,-0.0003046729,7.143074e-05,2.8123755e-05,0.039301336
-0.00037358876,-3.316776e-06,-6.439144e-06,1.6845644e-05,2.7138303e-06,-4.3654603e-05,0.039301336
-0.00016859159,-8.4046615e-06,8.725691e-06,-0.00010766261,4.0614492e-07,-8.495119e-05,0.039301336
-6.102094e-06,2.1152932e-06,1.5952824e-06,-4.7059577e-05,2.301365e-05,2.3741577e-05,0.039301336
3.8584244e-06,-4.862555e-06,1.4017467e-06,-1.7856053e-05,5.763312e-06,-1.5647465e-05,0.039301336
3.3011684e-06,1.9627336e-07,6.864596e-07,-5.529659e-06,-8.583378e-07,-3.0353476e-06,0.039301336
5.744698e-06,2.9806577e-07,1.3204492e-06,-9.198669e-06,-1.6069847e-06,-4.1619724e-06,0.039301336
3.5188614e-06,3.9431094e-07,6.385891e-07,-5.6719564e-06,-3.2670386e-07,-5.3198647e-08,0.039301336
6.465311e-06,7.739744e-07,1.6778519e-06,-1.0193031e-05,-2.043965e-06,-2.0389461e-06,0.039301336
